{
  "n_total": 500,
  "n_valid": 500,
  "accuracy": 0.618,
  "macro_f1": 0.5527330120504499,
  "uncertainty_error_roc_auc": 0.8569443738457106,
  "thresholds": [
    0.5,
    0.6,
    0.7,
    0.8,
    0.9
  ]
}